file,class,lines,used_count,using_me_count
C:\code\BlogEngineDotNet\BlogEngine.NET\BlogEngine\BlogEngine.Core\Helpers\SavedEventArgs.cs,BlogEngine.Core.SaveAction,,0,26
C:\code\BlogEngineDotNet\BlogEngine.NET\BlogEngine\BlogEngine.Core\Helpers\StateCollection.cs,BlogEngine.Core.StateList<T>,11,0,22
C:\code\BlogEngineDotNet\BlogEngine.NET\BlogEngine\BlogEngine.NET\App_GlobalResources\labels.designer.cs,Resources.labels,830,0,22
C:\code\BlogEngineDotNet\BlogEngine.NET\BlogEngine\BlogEngine.Core\Providers\CacheProvider\CacheBase.cs,BlogEngine.Core.Providers.CacheProvider.CacheBase,1,0,20
C:\code\BlogEngineDotNet\BlogEngine.NET\BlogEngine\BlogEngine.Core\Extensions.cs,BlogEngine.Core.Extensions,27,0,15
C:\code\BlogEngineDotNet\BlogEngine.NET\BlogEngine\BlogEngine.Core\Web\Controls\ExtensionAttribute.cs,BlogEngine.Core.Web.Controls.ExtensionAttribute,11,0,15
C:\code\BlogEngineDotNet\BlogEngine.NET\BlogEngine\BlogEngine.Core\Data\Models\SelectOption.cs,BlogEngine.Core.Data.Models.SelectOption,8,0,12
C:\code\BlogEngineDotNet\BlogEngine.NET\BlogEngine\BlogEngine.Core\Helpers\ServingEventArgs.cs,BlogEngine.Core.ServingLocation,,0,11
C:\code\BlogEngineDotNet\BlogEngine.NET\BlogEngine\BlogEngine.Core\Web\Extensions\DataStore\Interfaces.cs,BlogEngine.Core.DataStore.ExtensionType,,0,11
C:\code\BlogEngineDotNet\BlogEngine.NET\BlogEngine\BlogEngine.Core\BlogRollItem.cs,BlogEngine.Core.BlogRollItem,24,0,9
C:\code\BlogEngineDotNet\BlogEngine.NET\BlogEngine\BlogEngine.Core\Web\Extensions\ExtensionParameter.cs,BlogEngine.Core.Web.Extensions.ParameterType,,0,9
C:\code\BlogEngineDotNet\BlogEngine.NET\BlogEngine\BlogEngine.Core\BlogSettings.cs,BlogEngine.Core.BlogSettings+CommentsBy,,0,7
C:\code\BlogEngineDotNet\BlogEngine.NET\BlogEngine\BlogEngine.Core\Data\Models\TagItem.cs,BlogEngine.Core.Data.Models.TagItem,6,0,7
C:\code\BlogEngineDotNet\BlogEngine.NET\BlogEngine\BlogEngine.Core\Services\Security\Security.cs,BlogEngine.Core.AuthorizationCheck,,0,6
C:\code\BlogEngineDotNet\BlogEngine.NET\BlogEngine\BlogEngine.Core\Services\Packaging\InstalledPackage.cs,BlogEngine.Core.Packaging.InstalledPackage,4,0,6
C:\code\BlogEngineDotNet\BlogEngine.NET\BlogEngine\BlogEngine.Core\Services\Packaging\PackageFile.cs,BlogEngine.Core.Packaging.PackageFile,8,0,6
C:\code\BlogEngineDotNet\BlogEngine.NET\BlogEngine\BlogEngine.Core\Data\Models\CommentItem.cs,BlogEngine.Core.Data.Models.CommentItem,24,0,6
C:\code\BlogEngineDotNet\BlogEngine.NET\BlogEngine\BlogEngine.Core\Data\Models\CommentDetail.cs,BlogEngine.Core.Data.Models.CommentDetail,14,0,5
C:\code\BlogEngineDotNet\BlogEngine.NET\BlogEngine\BlogEngine.Core\Data\Models\Security.cs,BlogEngine.Core.Data.Models.RoleItem,6,0,5
C:\code\BlogEngineDotNet\BlogEngine.NET\BlogEngine\BlogEngine.Core\Helpers\ServingEventArgs.cs,BlogEngine.Core.ServingContentBy,,0,4
C:\code\BlogEngineDotNet\BlogEngine.NET\BlogEngine\BlogEngine.Core\Providers\BlogProviderSection.cs,BlogEngine.Core.Providers.BlogProviderSection,5,0,4
C:\code\BlogEngineDotNet\BlogEngine.NET\BlogEngine\BlogEngine.Core\Data\Models\EditorOptions.cs,BlogEngine.Core.Data.Models.EditorOptions,8,0,4
C:\code\BlogEngineDotNet\BlogEngine.NET\BlogEngine\BlogEngine.Core\Data\Models\Blog.cs,BlogEngine.Core.Data.Models.Blog,30,0,4
C:\code\BlogEngineDotNet\BlogEngine.NET\BlogEngine\BlogEngine.Core\Data\Models\JsonResponse.cs,BlogEngine.Core.Data.Models.JsonResponse,6,0,4
C:\code\BlogEngineDotNet\BlogEngine.NET\BlogEngine\BlogEngine.Core\Data\Models\TrashItem.cs,BlogEngine.Core.Data.Models.TrashItem,12,0,4
C:\code\BlogEngineDotNet\BlogEngine.NET\BlogEngine\BlogEngine.Core\Services\Packaging\GalleryData.cs,Review,10,0,3
C:\code\BlogEngineDotNet\BlogEngine.NET\BlogEngine\BlogEngine.Core\Web\Extensions\DataStore\XMLDocumentBehavior.cs,BlogEngine.Core.DataStore.WidgetData,4,0,3
C:\code\BlogEngineDotNet\BlogEngine.NET\BlogEngine\BlogEngine.Core\Services\FileSystem\Common.cs,BlogEngine.Core.FileSystem.FileType,,0,3
C:\code\BlogEngineDotNet\BlogEngine.NET\BlogEngine\BlogEngine.Core\Providers\DbProvider\DbConnectionHelper.cs,BlogEngine.Core.Providers.DbConnectionHelper,41,0,3
C:\code\BlogEngineDotNet\BlogEngine.NET\BlogEngine\BlogEngine.Core\Services\Compilation\BaseServerObjectExpressionBuilder.cs,BlogEngine.Core.Compilation.BaseServerObjectExpressionBuilder,16,0,3
C:\code\BlogEngineDotNet\BlogEngine.NET\BlogEngine\BlogEngine.Core\API\MetaWeblog\MWAPage.cs,BlogEngine.Core.API.MetaWeblog.MWAPage,0,0,3
C:\code\BlogEngineDotNet\BlogEngine.NET\BlogEngine\BlogEngine.Core\API\MetaWeblog\MWAPost.cs,BlogEngine.Core.API.MetaWeblog.MWAPost,0,0,3
C:\code\BlogEngineDotNet\BlogEngine.NET\BlogEngine\BlogEngine.Core\Data\Models\BlogItem.cs,BlogEngine.Core.Data.Models.BlogItem,10,0,3
C:\code\BlogEngineDotNet\BlogEngine.NET\BlogEngine\BlogEngine.Core\Data\Models\CommentFilterItem.cs,BlogEngine.Core.Data.Models.CommentFilterItem,12,0,3
C:\code\BlogEngineDotNet\BlogEngine.NET\BlogEngine\BlogEngine.Core\Data\Models\Enums.cs,BlogEngine.Core.Data.Models.TrashType,,0,3
C:\code\BlogEngineDotNet\BlogEngine.NET\BlogEngine\BlogEngine.Core\Data\Models\Profile.cs,BlogEngine.Core.Data.Models.Profile,30,0,3
C:\code\BlogEngineDotNet\BlogEngine.NET\BlogEngine\BlogEngine.Core\Data\Models\Stats.cs,BlogEngine.Core.Data.Models.Stats,22,0,3
C:\code\BlogEngineDotNet\BlogEngine.NET\BlogEngine\BlogEngine.Core\Data\ViewModels\WidgetsVM.cs,BlogEngine.Core.Data.ViewModels.WidgetItem,10,0,3
C:\code\BlogEngineDotNet\BlogEngine.NET\BlogEngine\BlogEngine.Core\Services\Packaging\GalleryData.cs,PackageExtra+PackageType,,0,2
C:\code\BlogEngineDotNet\BlogEngine.NET\BlogEngine\BlogEngine.Core\Services\Security\Rights.cs,BlogEngine.Core.RightCategory,,0,2
C:\code\BlogEngineDotNet\BlogEngine.NET\BlogEngine\BlogEngine.Core\Service References\GalleryServer\Reference.cs,BlogEngine.Core.GalleryServer.PublishedScreenshot,20,0,2
C:\code\BlogEngineDotNet\BlogEngine.NET\BlogEngine\BlogEngine.Core\Web\BlogCulture.cs,BlogEngine.Core.Web.BlogCulture+ResourceType,,0,2
C:\code\BlogEngineDotNet\BlogEngine.NET\BlogEngine\BlogEngine.Core\Providers\FileSystemProviders\BlogFileSystemProviderSection.cs,BlogEngine.Core.Providers.BlogFileSystemProviderSection,3,0,2
C:\code\BlogEngineDotNet\BlogEngine.NET\BlogEngine\BlogEngine.Core\Services\Compilation\Design\ServerVariableExpressionEditor.cs,BlogEngine.Core.Compilation.Design.ServerVariableExpressionEditor+ServerVariableExpressionEditorSheet+ServerVariableTypeConverter,10,0,2
C:\code\BlogEngineDotNet\BlogEngine.NET\BlogEngine\BlogEngine.Core\API\MetaWeblog\MetaWeblogException.cs,BlogEngine.Core.API.MetaWeblog.MetaWeblogException,4,0,2
C:\code\BlogEngineDotNet\BlogEngine.NET\BlogEngine\BlogEngine.Core\API\MetaWeblog\MWAAuthor.cs,BlogEngine.Core.API.MetaWeblog.MWAAuthor,0,0,2
C:\code\BlogEngineDotNet\BlogEngine.NET\BlogEngine\BlogEngine.Core\API\MetaWeblog\MWABlogInfo.cs,BlogEngine.Core.API.MetaWeblog.MWABlogInfo,0,0,2
C:\code\BlogEngineDotNet\BlogEngine.NET\BlogEngine\BlogEngine.Core\API\MetaWeblog\MWACategory.cs,BlogEngine.Core.API.MetaWeblog.MWACategory,0,0,2
C:\code\BlogEngineDotNet\BlogEngine.NET\BlogEngine\BlogEngine.Core\API\MetaWeblog\MWAFault.cs,BlogEngine.Core.API.MetaWeblog.MWAFault,0,0,2
C:\code\BlogEngineDotNet\BlogEngine.NET\BlogEngine\BlogEngine.Core\API\MetaWeblog\MWAMediaInfo.cs,BlogEngine.Core.API.MetaWeblog.MWAMediaInfo,0,0,2
C:\code\BlogEngineDotNet\BlogEngine.NET\BlogEngine\BlogEngine.Core\API\MetaWeblog\MWAMediaObject.cs,BlogEngine.Core.API.MetaWeblog.MWAMediaObject,0,0,2
C:\code\BlogEngineDotNet\BlogEngine.NET\BlogEngine\BlogEngine.Core\Services\Syndication\BlogML\BaseReader.cs,BlogEngine.Core.API.BlogML.BaseReader,15,0,2
C:\code\BlogEngineDotNet\BlogEngine.NET\BlogEngine\BlogEngine.Core\Data\Models\CustomFilter.cs,BlogEngine.Core.Data.Models.CustomFilter,22,0,2
C:\code\BlogEngineDotNet\BlogEngine.NET\BlogEngine\BlogEngine.Core\Data\Models\Security.cs,BlogEngine.Core.Data.Models.Permission,6,0,2
C:\code\BlogEngineDotNet\BlogEngine.NET\BlogEngine\BlogEngine.NET\Custom\Extensions\Recaptcha\RecaptchaLogItem.cs,Recaptcha.RecaptchaLogItem,22,0,2
C:\code\BlogEngineDotNet\BlogEngine.NET\BlogEngine\BlogEngine.NET\Custom\Extensions\Recaptcha\RecaptchaResponse.cs,Recaptcha.RecaptchaResponse,19,0,2
C:\code\BlogEngineDotNet\BlogEngine.NET\BlogEngine\BlogEngine.NET\Custom\Extensions\AkismetFilter.cs,Joel.Net.AkismetComment,20,0,2
C:\code\BlogEngineDotNet\BlogEngine.NET\BlogEngine\BlogEngine.Core\Helpers\Pager.cs,BlogEngine.Core.Pager,54,0,1
C:\code\BlogEngineDotNet\BlogEngine.NET\BlogEngine\BlogEngine.Core\Services\Security\CustomIdentity.cs,BlogEngine.Core.CustomIdentity,15,0,1
C:\code\BlogEngineDotNet\BlogEngine.NET\BlogEngine\BlogEngine.Core\Services\Security\CustomPrincipal.cs,BlogEngine.Core.CustomPrincipal,6,0,1
C:\code\BlogEngineDotNet\BlogEngine.NET\BlogEngine\BlogEngine.Core\BlogSettings.cs,BlogEngine.Core.BlogSettings+Moderation,,0,1
C:\code\BlogEngineDotNet\BlogEngine.NET\BlogEngine\BlogEngine.Core\Role.cs,BlogEngine.Core.Role,12,0,1
C:\code\BlogEngineDotNet\BlogEngine.NET\BlogEngine\BlogEngine.Core\Web\Extensions\DataStore\SerializableStringDictionary.cs,BlogEngine.Core.DataStore.SerializableStringDictionary,22,0,1
C:\code\BlogEngineDotNet\BlogEngine.NET\BlogEngine\BlogEngine.Core\Services\Packaging\Pager.cs,BlogEngine.Core.Packaging.PagerItem,9,0,1
C:\code\BlogEngineDotNet\BlogEngine.NET\BlogEngine\BlogEngine.Core\Services\FileSystem\Image.cs,BlogEngine.Core.FileSystem.Image+ModificationType,,0,1
C:\code\BlogEngineDotNet\BlogEngine.NET\BlogEngine\BlogEngine.Core\Web\Extensions\ManagedExtension.cs,BlogEngine.Core.Web.Extensions.GenericHelper<T>,5,0,1
C:\code\BlogEngineDotNet\BlogEngine.NET\BlogEngine\BlogEngine.Core\Web\Scripting\JavascriptMinifier.cs,BlogEngine.Core.Web.Scripting.VariableMinification,,0,1
C:\code\BlogEngineDotNet\BlogEngine.NET\BlogEngine\BlogEngine.Core\Web\HttpHandlers\Apml.cs,BlogEngine.Core.Web.HttpHandlers.Apml+Concept,10,0,1
C:\code\BlogEngineDotNet\BlogEngine.NET\BlogEngine\BlogEngine.Core\Web\Controls\ExtensionAttribute.cs,BlogEngine.Core.Web.Controls.SortedExtension,13,0,1
C:\code\BlogEngineDotNet\BlogEngine.NET\BlogEngine\BlogEngine.Core\Web\Controls\RelatedPostsBase.cs,BlogEngine.Core.Web.Controls.RelatedPost,6,0,1
C:\code\BlogEngineDotNet\BlogEngine.NET\BlogEngine\BlogEngine.NET\AppCode\Api\PingServicesController.cs,PingItem,4,0,1
C:\code\BlogEngineDotNet\BlogEngine.NET\BlogEngine\BlogEngine.NET\AppCode\Api\TagsController.cs,TagToUpdate,4,0,1
C:\code\BlogEngineDotNet\BlogEngine.NET\BlogEngine\BlogEngine.NET\AppCode\PersianCulture.cs,PersianCulture,30,0,1
C:\code\BlogEngineDotNet\BlogEngine.NET\BlogEngine\BlogEngine.NET\Custom\Extensions\MediaElementPlayer.cs,MediaElementPlayer+ShortCode,14,0,1
C:\code\BlogEngineDotNet\BlogEngine.NET\BlogEngine\BlogEngine.NET\AppCode\Controls\MonthList.cs,App_Code.Controls.MonthList+MonthListDisplayOptions,,0,1
C:\code\BlogEngineDotNet\BlogEngine.NET\BlogEngine\BlogEngine.NET\AppCode\Controls\MonthList.cs,App_Code.Controls.MonthList+DateComparer_Asc,1,0,1
C:\code\BlogEngineDotNet\BlogEngine.NET\BlogEngine\BlogEngine.NET\AppCode\Controls\MonthList.cs,App_Code.Controls.MonthList+DateComparer_Desc,1,0,1
C:\code\BlogEngineDotNet\BlogEngine.NET\BlogEngine\BlogEngine.NET\Custom\Widgets\LinkList\LinkList.cs,BlogEngine.NET.Custom.Widgets.LinkItem,8,0,1
C:\code\BlogEngineDotNet\BlogEngine.NET\BlogEngine\BlogEngine.NET\Custom\Widgets\MonthList\MonthList.cs,BlogEngine.NET.Custom.Widgets.MonthList+DateComparer_Desc,1,0,1
C:\code\BlogEngineDotNet\BlogEngine.NET\BlogEngine\BlogEngine.NET\Custom\Widgets\MonthList\MonthList.cs,BlogEngine.NET.Custom.Widgets.MonthList+IntComparer_Desc,1,0,1
C:\code\BlogEngineDotNet\BlogEngine.NET\BlogEngine\BlogEngine.NET\Custom\Widgets\MonthList\MonthList.cs,BlogEngine.NET.Custom.Widgets.MonthItem,6,0,1
C:\code\BlogEngineDotNet\BlogEngine.NET\BlogEngine\BlogEngine.NET\AppCode\Api\UnauthorizedAccessExceptionFilterAttribute.cs,BlogEngine.NET.AppCode.Api.UnauthorizedAccessExceptionFilterAttribute,2,0,1
C:\code\BlogEngineDotNet\BlogEngine.NET\BlogEngine\BlogEngine.Core\Services\Packaging\Constants.cs,BlogEngine.Core.Packaging.Constants,0,0,0
C:\code\BlogEngineDotNet\BlogEngine.NET\BlogEngine\BlogEngine.Core\Services\Compilation\CodeExpressionBuilder.cs,BlogEngine.Core.Compilation.CodeExpressionBuilder,1,0,0
C:\code\BlogEngineDotNet\BlogEngine.NET\BlogEngine\BlogEngine.Core\Services\Compilation\LinqLengthExpressionBuilder.cs,BlogEngine.Core.Compilation.LinqLengthExpressionBuilder,18,0,0
C:\code\BlogEngineDotNet\BlogEngine.NET\BlogEngine\BlogEngine.Core\Services\Compilation\ReflectExpressionBuilder.cs,BlogEngine.Core.Compilation.ReflectExpressionBuilder,37,0,0
C:\code\BlogEngineDotNet\BlogEngine.NET\BlogEngine\BlogEngine.Core\Services\Compilation\Design\CodeExpressionEditor.cs,BlogEngine.Core.Compilation.Design.CodeExpressionEditor,1,0,0
C:\code\BlogEngineDotNet\BlogEngine.NET\BlogEngine\BlogEngine.Core\Services\Compilation\Design\QueryStringExpressionEditor.cs,BlogEngine.Core.Compilation.Design.QueryStringExpressionEditor,1,0,0
C:\code\BlogEngineDotNet\BlogEngine.NET\BlogEngine\BlogEngine.Core\Services\Compilation\Design\SessionExpressionEditor.cs,BlogEngine.Core.Compilation.Design.SessionExpressionEditor,1,0,0
C:\code\BlogEngineDotNet\BlogEngine.NET\BlogEngine\BlogEngine.Core\API\MetaWeblog\MWAUserInfo.cs,BlogEngine.Core.API.MetaWeblog.MWAUserInfo,0,0,0
C:\code\BlogEngineDotNet\BlogEngine.NET\BlogEngine\BlogEngine.Core\Data\Models\Enums.cs,BlogEngine.Core.Data.Models.PostType,,0,0
C:\code\BlogEngineDotNet\BlogEngine.NET\BlogEngine\BlogEngine.Core\Data\Models\Enums.cs,BlogEngine.Core.Data.Models.CommentType,,0,0
C:\code\BlogEngineDotNet\BlogEngine.NET\BlogEngine\BlogEngine.Core\Data\Models\JsonResponse.cs,BlogEngine.Core.Data.Models.JsonResponse<T>,6,0,0
C:\code\BlogEngineDotNet\BlogEngine.NET\BlogEngine\BlogEngine.NET\AppCode\Api\FileSystemDataStreamProvider.cs,FileSystemDataStreamProvider,9,0,0
C:\code\BlogEngineDotNet\BlogEngine.NET\BlogEngine\BlogEngine.NET\AppCode\Api\ToolsController.cs,ToolsController,49,0,0
C:\code\BlogEngineDotNet\BlogEngine.NET\BlogEngine\BlogEngine.NET\AppCode\Controls\MobileThemeSwitch.cs,App_Code.Controls.MobileThemeSwitch,2,0,0
C:\code\BlogEngineDotNet\BlogEngine.NET\BlogEngine\BlogEngine.NET\Account\change-password-success.aspx.cs,Account.ChangePasswordSuccess,0,0,0
C:\code\BlogEngineDotNet\BlogEngine.NET\BlogEngine\BlogEngine.Core\Services\Security\Rights.cs,BlogEngine.Core.Rights,,1,41
C:\code\BlogEngineDotNet\BlogEngine.NET\BlogEngine\BlogEngine.Core\BlogConfig.cs,BlogEngine.Core.BlogConfig,29,1,38
C:\code\BlogEngineDotNet\BlogEngine.NET\BlogEngine\BlogEngine.Core\Data\Models\CustomField.cs,BlogEngine.Core.Data.Models.CustomField,13,1,12
C:\code\BlogEngineDotNet\BlogEngine.NET\BlogEngine\BlogEngine.Core\Helpers\SavedEventArgs.cs,BlogEngine.Core.SavedEventArgs,4,1,11
C:\code\BlogEngineDotNet\BlogEngine.NET\BlogEngine\BlogEngine.Core\Web\Extensions\DataStore\Interfaces.cs,BlogEngine.Core.DataStore.ISettingsBehavior,,1,9
C:\code\BlogEngineDotNet\BlogEngine.NET\BlogEngine\BlogEngine.Core\Web\Extensions\ExtensionParameter.cs,BlogEngine.Core.Web.Extensions.ExtensionParameter,42,1,7
C:\code\BlogEngineDotNet\BlogEngine.NET\BlogEngine\BlogEngine.Core\Data\Models\CategoryItem.cs,BlogEngine.Core.Data.Models.CategoryItem,12,1,7
C:\code\BlogEngineDotNet\BlogEngine.NET\BlogEngine\BlogEngine.Core\Data\Models\Package.cs,BlogEngine.Core.Data.Models.Package,43,1,7
C:\code\BlogEngineDotNet\BlogEngine.NET\BlogEngine\BlogEngine.Core\Data\Models\PageItem.cs,BlogEngine.Core.Data.Models.PageItem,24,1,5
C:\code\BlogEngineDotNet\BlogEngine.NET\BlogEngine\BlogEngine.NET\Account\account.master.cs,Account.AccountMasterPage,20,1,5
C:\code\BlogEngineDotNet\BlogEngine.NET\BlogEngine\BlogEngine.Core\Services\FileSystem\Common.cs,BlogEngine.Core.FileSystem.FileInstance,29,1,4
C:\code\BlogEngineDotNet\BlogEngine.NET\BlogEngine\BlogEngine.Core\Services\FileSystem\FileStoreDb.cs,BlogEngine.Core.FileSystem.FileStoreDirectory,53,1,4
C:\code\BlogEngineDotNet\BlogEngine.NET\BlogEngine\BlogEngine.Core\Data\Models\PageDetail.cs,BlogEngine.Core.Data.Models.PageDetail,36,1,4
C:\code\BlogEngineDotNet\BlogEngine.NET\BlogEngine\BlogEngine.Core\Data\Models\Settings.cs,BlogEngine.Core.Data.Models.Settings,163,1,4
C:\code\BlogEngineDotNet\BlogEngine.NET\BlogEngine\BlogEngine.Core\Data\ViewModels\WidgetsVM.cs,BlogEngine.Core.Data.ViewModels.WidgetZone,4,1,4
C:\code\BlogEngineDotNet\BlogEngine.NET\BlogEngine\BlogEngine.Core\Services\Messaging\Protection\ICustomFilter.cs,BlogEngine.Core.ICustomFilter,,1,3
C:\code\BlogEngineDotNet\BlogEngine.NET\BlogEngine\BlogEngine.Core\Services\FileSystem\FileStoreDb.cs,BlogEngine.Core.FileSystem.FileStoreFileThumb,42,1,3
C:\code\BlogEngineDotNet\BlogEngine.NET\BlogEngine\BlogEngine.Core\Data\Models\Security.cs,BlogEngine.Core.Data.Models.Group,9,1,3
C:\code\BlogEngineDotNet\BlogEngine.NET\BlogEngine\BlogEngine.Core\Data\Models\TrashVM.cs,BlogEngine.Core.Data.Models.TrashVM,6,1,3
C:\code\BlogEngineDotNet\BlogEngine.NET\BlogEngine\BlogEngine.Core\Data\Contracts\IDashboardRepository.cs,BlogEngine.Core.Data.Contracts.IDashboardRepository,,1,3
C:\code\BlogEngineDotNet\BlogEngine.NET\BlogEngine\BlogEngine.Core\Data\Contracts\ICommentFilterRepository.cs,BlogEngine.Core.Data.Contracts.ICommentFilterRepository,,1,3
C:\code\BlogEngineDotNet\BlogEngine.NET\BlogEngine\BlogEngine.Core\Data\Contracts\ICustomFieldRepository.cs,BlogEngine.Core.Data.Contracts.ICustomFieldRepository,,1,3
C:\code\BlogEngineDotNet\BlogEngine.NET\BlogEngine\BlogEngine.Core\Data\Contracts\IFileManagerRepository.cs,BlogEngine.Core.Data.Contracts.IFileManagerRepository,,1,3
C:\code\BlogEngineDotNet\BlogEngine.NET\BlogEngine\BlogEngine.Core\Data\Contracts\IUsersRepository.cs,BlogEngine.Core.Data.Contracts.IUsersRepository,,1,3
C:\code\BlogEngineDotNet\BlogEngine.NET\BlogEngine\BlogEngine.Core\Data\Contracts\ICategoryRepository.cs,BlogEngine.Core.Data.Contracts.ICategoryRepository,,1,3
C:\code\BlogEngineDotNet\BlogEngine.NET\BlogEngine\BlogEngine.Core\Data\Contracts\IPackageRepository.cs,BlogEngine.Core.Data.Contracts.IPackageRepository,,1,3
C:\code\BlogEngineDotNet\BlogEngine.NET\BlogEngine\BlogEngine.Core\Data\Contracts\IStatsRepository.cs,BlogEngine.Core.Data.Contracts.IStatsRepository,,1,3
C:\code\BlogEngineDotNet\BlogEngine.NET\BlogEngine\BlogEngine.Core\Data\Contracts\ITagRepository.cs,BlogEngine.Core.Data.Contracts.ITagRepository,,1,3
C:\code\BlogEngineDotNet\BlogEngine.NET\BlogEngine\BlogEngine.Core\Services\Security\Rights.cs,BlogEngine.Core.RightDetailsAttribute,7,1,2
C:\code\BlogEngineDotNet\BlogEngine.NET\BlogEngine\BlogEngine.Core\Providers\BlogProviderCollection.cs,BlogEngine.Core.Providers.BlogProviderCollection,6,1,2
C:\code\BlogEngineDotNet\BlogEngine.NET\BlogEngine\BlogEngine.NET\AppCode\RazorHelpers.cs,RazorHelpers,69,1,2
C:\code\BlogEngineDotNet\BlogEngine.NET\BlogEngine\BlogEngine.Core\Services\Search\Search.cs,BlogEngine.Core.Entry,0,1,1
C:\code\BlogEngineDotNet\BlogEngine.NET\BlogEngine\BlogEngine.Core\Services\Search\Search.cs,BlogEngine.Core.Result,2,1,1
C:\code\BlogEngineDotNet\BlogEngine.NET\BlogEngine\BlogEngine.Core\Helpers\XmlSafeResolver.cs,BlogEngine.Core.XmlSafeResolver,26,1,1
C:\code\BlogEngineDotNet\BlogEngine.NET\BlogEngine\BlogEngine.Core\Service References\GalleryServer\Reference.cs,BlogEngine.Core.GalleryServer.PublishedPackage,119,1,1
C:\code\BlogEngineDotNet\BlogEngine.NET\BlogEngine\BlogEngine.Core\Services\Messaging\Ping\Pingback.cs,BlogEngine.Core.Ping.Pingback,47,1,1
C:\code\BlogEngineDotNet\BlogEngine.NET\BlogEngine\BlogEngine.Core\Web\Scripting\JavascriptMinifier.cs,BlogEngine.Core.Web.Scripting.JavascriptMinifier,33,1,1
C:\code\BlogEngineDotNet\BlogEngine.NET\BlogEngine\BlogEngine.Core\Web\Controls\CommentFormBase.cs,BlogEngine.Core.Web.Controls.CommentFormBase,2,1,1
C:\code\BlogEngineDotNet\BlogEngine.NET\BlogEngine\BlogEngine.Core\Web\Controls\RewriteFormHtmlTextWriter.cs,BlogEngine.Core.Web.Controls.RewriteFormHtmlTextWriter,14,1,1
C:\code\BlogEngineDotNet\BlogEngine.NET\BlogEngine\BlogEngine.Core\Providers\FileSystemProviders\BlogFileSystemProviderCollection.cs,BlogEngine.Core.Providers.BlogFileSystemProviderCollection,6,1,1
C:\code\BlogEngineDotNet\BlogEngine.NET\BlogEngine\BlogEngine.Core\Data\Services\Updater.cs,BlogEngine.Core.Data.Services.Updater,56,1,1
C:\code\BlogEngineDotNet\BlogEngine.NET\BlogEngine\BlogEngine.NET\Custom\Extensions\Recaptcha\RecaptchaValidator.cs,Recaptcha.RecaptchaValidator,44,1,1
C:\code\BlogEngineDotNet\BlogEngine.NET\BlogEngine\BlogEngine.NET\Custom\Extensions\AkismetFilter.cs,Joel.Net.Akismet,41,1,1
C:\code\BlogEngineDotNet\BlogEngine.NET\BlogEngine\BlogEngine.NET\AppCode\Api\UnhandledExceptionLogger.cs,BlogEngine.NET.AppCode.Api.UnhandledExceptionLogger,3,1,1
C:\code\BlogEngineDotNet\BlogEngine.NET\BlogEngine\BlogEngine.Core\Services\Packaging\Pager.cs,BlogEngine.Core.Packaging.Pager,11,1,0
C:\code\BlogEngineDotNet\BlogEngine.NET\BlogEngine\BlogEngine.Core\Services\FileSystem\Common.cs,BlogEngine.Core.FileSystem.FileResponse,7,1,0
C:\code\BlogEngineDotNet\BlogEngine.NET\BlogEngine\BlogEngine.Core\Services\Compilation\QueryStringExpressionBuilder.cs,BlogEngine.Core.Compilation.QueryStringExpressionBuilder,3,1,0
C:\code\BlogEngineDotNet\BlogEngine.NET\BlogEngine\BlogEngine.Core\Services\Compilation\ServerVariableExpressionBuilder.cs,BlogEngine.Core.Compilation.ServerVariableExpressionBuilder,3,1,0
C:\code\BlogEngineDotNet\BlogEngine.NET\BlogEngine\BlogEngine.Core\Services\Compilation\SessionExpressionBuilder.cs,BlogEngine.Core.Compilation.SessionExpressionBuilder,3,1,0
C:\code\BlogEngineDotNet\BlogEngine.NET\BlogEngine\BlogEngine.NET\AppCode\Api\SetupController.cs,SetupController,2,1,0
C:\code\BlogEngineDotNet\BlogEngine.NET\BlogEngine\BlogEngine.NET\AppCode\Api\PagerController.cs,PagerController,1,1,0
C:\code\BlogEngineDotNet\BlogEngine.NET\BlogEngine\BlogEngine.NET\FrontPageExample.aspx.cs,BlogEngine.NET.FrontPage,0,1,0
C:\code\BlogEngineDotNet\BlogEngine.NET\BlogEngine\BlogEngine.NET\admin\admin.master.cs,Admin.ExtensionsMasterPage,8,1,0
C:\code\BlogEngineDotNet\BlogEngine.NET\BlogEngine\BlogEngine.Core\Helpers\ServingEventArgs.cs,BlogEngine.Core.ServingEventArgs,13,2,15
C:\code\BlogEngineDotNet\BlogEngine.NET\BlogEngine\BlogEngine.Core\Web\Extensions\DataStore\SettingsBase.cs,BlogEngine.Core.DataStore.SettingsBase,11,2,8
C:\code\BlogEngineDotNet\BlogEngine.NET\BlogEngine\BlogEngine.Core\RemoteFile.cs,BlogEngine.Core.RemoteFile,51,2,5
C:\code\BlogEngineDotNet\BlogEngine.NET\BlogEngine\BlogEngine.Core\Services\FileSystem\FileStoreDb.cs,BlogEngine.Core.FileSystem.FileStoreFile,74,2,5
C:\code\BlogEngineDotNet\BlogEngine.NET\BlogEngine\BlogEngine.Core\Data\Models\PostItem.cs,BlogEngine.Core.Data.Models.PostItem,22,2,5
C:\code\BlogEngineDotNet\BlogEngine.NET\BlogEngine\BlogEngine.Core\Services\Packaging\GalleryData.cs,PackageExtra,18,2,4
C:\code\BlogEngineDotNet\BlogEngine.NET\BlogEngine\BlogEngine.Core\Data\Models\PostDetail.cs,BlogEngine.Core.Data.Models.PostDetail,34,2,4
C:\code\BlogEngineDotNet\BlogEngine.NET\BlogEngine\BlogEngine.Core\Web\Scripting\Helpers.cs,BlogEngine.Core.Web.Scripting.Helpers,46,2,3
C:\code\BlogEngineDotNet\BlogEngine.NET\BlogEngine\BlogEngine.Core\Data\Models\Lookups.cs,BlogEngine.Core.Data.Models.Lookups,16,2,3
C:\code\BlogEngineDotNet\BlogEngine.NET\BlogEngine\BlogEngine.Core\Data\Models\BlogUser.cs,BlogEngine.Core.Data.Models.BlogUser,14,2,3
C:\code\BlogEngineDotNet\BlogEngine.NET\BlogEngine\BlogEngine.Core\Data\ViewModels\CommentsVM.cs,BlogEngine.Core.Data.ViewModels.CommentsVM,6,2,3
C:\code\BlogEngineDotNet\BlogEngine.NET\BlogEngine\BlogEngine.Core\Data\ViewModels\SettingsVM.cs,BlogEngine.Core.Data.ViewModels.SettingsVM,175,2,3
C:\code\BlogEngineDotNet\BlogEngine.NET\BlogEngine\BlogEngine.Core\Data\Contracts\IWidgetsRepository.cs,BlogEngine.Core.Data.Contracts.IWidgetsRepository,,2,3
C:\code\BlogEngineDotNet\BlogEngine.NET\BlogEngine\BlogEngine.Core\Data\Contracts\IRolesRepository.cs,BlogEngine.Core.Data.Contracts.IRolesRepository,,2,3
C:\code\BlogEngineDotNet\BlogEngine.NET\BlogEngine\BlogEngine.Core\Data\Contracts\IBlogRepository.cs,BlogEngine.Core.Data.Contracts.IBlogRepository,,2,3
C:\code\BlogEngineDotNet\BlogEngine.NET\BlogEngine\BlogEngine.Core\Data\Contracts\ILookupsRepository.cs,BlogEngine.Core.Data.Contracts.ILookupsRepository,,2,3
C:\code\BlogEngineDotNet\BlogEngine.NET\BlogEngine\BlogEngine.Core\Data\Contracts\IPageRepository.cs,BlogEngine.Core.Data.Contracts.IPageRepository,,2,3
C:\code\BlogEngineDotNet\BlogEngine.NET\BlogEngine\BlogEngine.Core\Data\Contracts\IPostRepository.cs,BlogEngine.Core.Data.Contracts.IPostRepository,,2,3
C:\code\BlogEngineDotNet\BlogEngine.NET\BlogEngine\BlogEngine.Core\Data\Contracts\ISettingsRepository.cs,BlogEngine.Core.Data.Contracts.ISettingsRepository,,2,3
C:\code\BlogEngineDotNet\BlogEngine.NET\BlogEngine\BlogEngine.Core\Helpers\BlogGeneratorConfig.cs,BlogEngine.Core.BlogGeneratorConfig,69,2,2
C:\code\BlogEngineDotNet\BlogEngine.NET\BlogEngine\BlogEngine.Core\Services\Messaging\Ping\TrackbackMessage.cs,BlogEngine.Core.Ping.TrackbackMessage,19,2,2
C:\code\BlogEngineDotNet\BlogEngine.NET\BlogEngine\BlogEngine.Core\Services\Messaging\Ping\Trackback.cs,BlogEngine.Core.Ping.Trackback,26,2,1
C:\code\BlogEngineDotNet\BlogEngine.NET\BlogEngine\BlogEngine.Core\Services\Messaging\Ping\PingService.cs,BlogEngine.Core.Ping.PingService,28,2,1
C:\code\BlogEngineDotNet\BlogEngine.NET\BlogEngine\BlogEngine.Core\Web\HttpHandlers\Foaf.cs,BlogEngine.Core.Web.HttpHandlers.FoafPerson,70,2,1
C:\code\BlogEngineDotNet\BlogEngine.NET\BlogEngine\BlogEngine.Core\Web\Controls\PostNavigationBase.cs,BlogEngine.Core.Web.Controls.PostNavigationBase,26,2,1
C:\code\BlogEngineDotNet\BlogEngine.NET\BlogEngine\BlogEngine.Core\Services\Compilation\Design\ServerVariableExpressionEditor.cs,BlogEngine.Core.Compilation.Design.ServerVariableExpressionEditor,2,2,1
C:\code\BlogEngineDotNet\BlogEngine.NET\BlogEngine\BlogEngine.Core\Services\Compilation\Design\ServerVariableExpressionEditor.cs,BlogEngine.Core.Compilation.Design.ServerVariableExpressionEditor+ServerVariableExpressionEditorSheet,7,2,1
C:\code\BlogEngineDotNet\BlogEngine.NET\BlogEngine\BlogEngine.Core\Data\Contracts\ICustomFilterRepository.cs,BlogEngine.Core.Data.Contracts.ICustomFilterRepository,,2,1
C:\code\BlogEngineDotNet\BlogEngine.NET\BlogEngine\BlogEngine.NET\AppCode\Controls\WidgetContainer.cs,App_Code.Controls.DefaultWidgetContainer,19,2,1
C:\code\BlogEngineDotNet\BlogEngine.NET\BlogEngine\BlogEngine.Core\Service References\GalleryServer\Reference.cs,BlogEngine.Core.GalleryServer.GalleryFeedContext,17,2,0
C:\code\BlogEngineDotNet\BlogEngine.NET\BlogEngine\BlogEngine.Core\Web\HttpHandlers\OpmlHandler.cs,BlogEngine.Core.Web.HttpHandlers.OpmlHandler,24,2,0
C:\code\BlogEngineDotNet\BlogEngine.NET\BlogEngine\BlogEngine.Core\Web\HttpHandlers\RsdHandler.cs,BlogEngine.Core.Web.HttpHandlers.RsdHandler,29,2,0
C:\code\BlogEngineDotNet\BlogEngine.NET\BlogEngine\BlogEngine.NET\AppCode\Api\CategoriesController.cs,CategoriesController,27,2,0
C:\code\BlogEngineDotNet\BlogEngine.NET\BlogEngine\BlogEngine.NET\AppCode\Api\DashboardController.cs,DashboardController,3,2,0
C:\code\BlogEngineDotNet\BlogEngine.NET\BlogEngine\BlogEngine.NET\AppCode\Api\PingServicesController.cs,PingServicesController,29,2,0
C:\code\BlogEngineDotNet\BlogEngine.NET\BlogEngine\BlogEngine.NET\AppCode\Api\NewsFeedController.cs,NewsFeedController,20,2,0
C:\code\BlogEngineDotNet\BlogEngine.NET\BlogEngine\BlogEngine.NET\AppCode\Api\StatsController.cs,StatsController,3,2,0
C:\code\BlogEngineDotNet\BlogEngine.NET\BlogEngine\BlogEngine.NET\AppCode\Api\UsersController.cs,UsersController,28,2,0
C:\code\BlogEngineDotNet\BlogEngine.NET\BlogEngine\BlogEngine.NET\Custom\Themes\RazorHost\site.master.cs,RazorHostSite,26,2,0
C:\code\BlogEngineDotNet\BlogEngine.NET\BlogEngine\BlogEngine.NET\AppCode\Controls\PageMenu.cs,App_Code.Controls.PageMenu,8,2,0
C:\code\BlogEngineDotNet\BlogEngine.NET\BlogEngine\BlogEngine.NET\AppCode\Controls\SearchBox.cs,App_Code.Controls.SearchBox,14,2,0
C:\code\BlogEngineDotNet\BlogEngine.NET\BlogEngine\BlogEngine.NET\Custom\Widgets\LinkList\LinkList.cs,BlogEngine.NET.Custom.Widgets.LinkList,71,2,0
C:\code\BlogEngineDotNet\BlogEngine.NET\BlogEngine\BlogEngine.NET\AppCode\Api\PackageExtraController.cs,BlogEngine.NET.AppCode.Api.PackageExtraController,7,2,0
C:\code\BlogEngineDotNet\BlogEngine.NET\BlogEngine\BlogEngine.Core\Providers\CacheProvider\CacheProvider.cs,BlogEngine.Core.Providers.CacheProvider.CacheProvider,30,3,20
C:\code\BlogEngineDotNet\BlogEngine.NET\BlogEngine\BlogEngine.Core\Web\Extensions\ExtensionSettings.cs,BlogEngine.Core.Web.Extensions.ExtensionSettings,197,3,18
C:\code\BlogEngineDotNet\BlogEngine.NET\BlogEngine\BlogEngine.Core\Services\FileSystem\Directory.cs,BlogEngine.Core.FileSystem.Directory,43,3,15
C:\code\BlogEngineDotNet\BlogEngine.NET\BlogEngine\BlogEngine.Core\Providers\FileSystemProviders\BlogFileSystemProvider.cs,BlogEngine.Core.Providers.BlogFileSystemProvider,0,3,5
C:\code\BlogEngineDotNet\BlogEngine.NET\BlogEngine\BlogEngine.Core\Data\Contracts\ICommentsRepository.cs,BlogEngine.Core.Data.Contracts.ICommentsRepository,,3,3
C:\code\BlogEngineDotNet\BlogEngine.NET\BlogEngine\BlogEngine.Core\Data\Contracts\ITrashRepository.cs,BlogEngine.Core.Data.Contracts.ITrashRepository,,3,3
C:\code\BlogEngineDotNet\BlogEngine.NET\BlogEngine\BlogEngine.Core\Web\HttpModules\CompressionModule.cs,BlogEngine.Core.Web.HttpModules.CompressionModule,54,3,2
C:\code\BlogEngineDotNet\BlogEngine.NET\BlogEngine\BlogEngine.Core\Services\Syndication\BlogML\BlogMLExtendedPost.cs,BlogEngine.Core.API.BlogML.BlogMlExtendedPost,10,3,2
C:\code\BlogEngineDotNet\BlogEngine.NET\BlogEngine\BlogEngine.Core\Data\Services\Avatar.cs,BlogEngine.Core.Data.Services.Avatar,44,3,2
C:\code\BlogEngineDotNet\BlogEngine.NET\BlogEngine\BlogEngine.Core\Web\Extensions\DataStore\ExtensionSettingsBehavior.cs,BlogEngine.Core.DataStore.ExtensionSettingsBehavior,3,3,1
C:\code\BlogEngineDotNet\BlogEngine.NET\BlogEngine\BlogEngine.Core\Services\FileSystem\FileStoreDb.cs,BlogEngine.Core.FileSystem.FileStoreDb,8,3,1
C:\code\BlogEngineDotNet\BlogEngine.NET\BlogEngine\BlogEngine.Core\Web\BlogCulture.cs,BlogEngine.Core.Web.BlogCulture,800,3,1
C:\code\BlogEngineDotNet\BlogEngine.NET\BlogEngine\BlogEngine.Core\Web\Scripting\PageHeader.cs,BlogEngine.Core.Web.Scripting.PageHeader,93,3,1
C:\code\BlogEngineDotNet\BlogEngine.NET\BlogEngine\BlogEngine.Core\Web\HttpModules\WwwSubDomainModule.cs,BlogEngine.Core.Web.HttpModules.WwwSubDomainModule,27,3,0
C:\code\BlogEngineDotNet\BlogEngine.NET\BlogEngine\BlogEngine.Core\Web\HttpHandlers\OpenSearchHandler.cs,BlogEngine.Core.Web.HttpHandlers.OpenSearchHandler,29,3,0
C:\code\BlogEngineDotNet\BlogEngine.NET\BlogEngine\BlogEngine.Core\Web\Controls\PageSiteMap.cs,BlogEngine.Core.Web.Controls.PageSiteMap,28,3,0
C:\code\BlogEngineDotNet\BlogEngine.NET\BlogEngine\BlogEngine.Core\Providers\XmlProvider\XmlMembershipProvider.cs,BlogEngine.Core.Providers.XmlMembershipProvider,226,3,0
C:\code\BlogEngineDotNet\BlogEngine.NET\BlogEngine\BlogEngine.NET\AppCode\Api\CommentFilterController.cs,CommentFilterController,20,3,0
C:\code\BlogEngineDotNet\BlogEngine.NET\BlogEngine\BlogEngine.NET\AppCode\Api\BlogsController.cs,BlogsController,27,3,0
C:\code\BlogEngineDotNet\BlogEngine.NET\BlogEngine\BlogEngine.NET\AppCode\Api\PagesController.cs,PagesController,28,3,0
C:\code\BlogEngineDotNet\BlogEngine.NET\BlogEngine\BlogEngine.NET\AppCode\Api\PostsController.cs,PostsController,28,3,0
C:\code\BlogEngineDotNet\BlogEngine.NET\BlogEngine\BlogEngine.NET\AppCode\Api\RolesController.cs,RolesController,38,3,0
C:\code\BlogEngineDotNet\BlogEngine.NET\BlogEngine\BlogEngine.NET\AppCode\Api\WidgetsController.cs,WidgetsController,6,3,0
C:\code\BlogEngineDotNet\BlogEngine.NET\BlogEngine\BlogEngine.NET\AppCode\Api\TagsController.cs,TagsController,18,3,0
C:\code\BlogEngineDotNet\BlogEngine.NET\BlogEngine\BlogEngine.NET\AppCode\Controls\SearchOnSearch.cs,App_Code.Controls.SearchOnSearch,38,3,0
C:\code\BlogEngineDotNet\BlogEngine.NET\BlogEngine\BlogEngine.NET\Custom\Widgets\CategoryList\CategoryList.cs,BlogEngine.NET.Custom.Widgets.CategoryList,12,3,0
C:\code\BlogEngineDotNet\BlogEngine.NET\BlogEngine\BlogEngine.NET\Account\change-password.aspx.designer.cs,Account.ChangePassword,4,3,0
C:\code\BlogEngineDotNet\BlogEngine.NET\BlogEngine\BlogEngine.Core\BusinessBase.cs,"BlogEngine.Core.BusinessBase<T,TKey>",111,4,87
C:\code\BlogEngineDotNet\BlogEngine.NET\BlogEngine\BlogEngine.Core\IPublishable.cs,BlogEngine.Core.IPublishable,,4,34
C:\code\BlogEngineDotNet\BlogEngine.NET\BlogEngine\BlogEngine.Core\Web\Extensions\DataStore\WidgetSettings.cs,BlogEngine.Core.DataStore.WidgetSettings,4,4,5
C:\code\BlogEngineDotNet\BlogEngine.NET\BlogEngine\BlogEngine.NET\AppCode\WebUtils.cs,App_Code.WebUtils,24,4,2
C:\code\BlogEngineDotNet\BlogEngine.NET\BlogEngine\BlogEngine.Core\Web\Extensions\DataStore\ExtensionSettings.cs,BlogEngine.Core.DataStore.ExtensionSettings,4,4,1
C:\code\BlogEngineDotNet\BlogEngine.NET\BlogEngine\BlogEngine.Core\Web\Controls\PageMenu.cs,BlogEngine.Core.Web.Controls.PageMenu,72,4,1
C:\code\BlogEngineDotNet\BlogEngine.NET\BlogEngine\BlogEngine.Core\API\MetaWeblog\XMLRPCRequest.cs,BlogEngine.Core.API.MetaWeblog.XMLRPCRequest,192,4,1
C:\code\BlogEngineDotNet\BlogEngine.NET\BlogEngine\BlogEngine.Core\Data\DashboardRepository.cs,BlogEngine.Core.Data.DashboardRepository,3,4,1
C:\code\BlogEngineDotNet\BlogEngine.NET\BlogEngine\BlogEngine.NET\Custom\Extensions\Recaptcha\RecaptchaLogger.cs,Recaptcha.RecaptchaLogger,26,4,1
C:\code\BlogEngineDotNet\BlogEngine.NET\BlogEngine\BlogEngine.NET\Custom\Widgets\Newsletter\Newsletter.cs,BlogEngine.NET.Custom.Widgets.Newsletter,68,4,1
C:\code\BlogEngineDotNet\BlogEngine.NET\BlogEngine\BlogEngine.Core\Web\HttpHandlers\RatingHandler.cs,BlogEngine.Core.Web.HttpHandlers.RatingHandler,25,4,0
C:\code\BlogEngineDotNet\BlogEngine.NET\BlogEngine\BlogEngine.Core\Web\HttpHandlers\JavaScriptHandler.cs,BlogEngine.Core.Web.HttpHandlers.JavaScriptHandler,28,4,0
C:\code\BlogEngineDotNet\BlogEngine.NET\BlogEngine\BlogEngine.Core\Providers\DbProvider\DbMembershipProvider.cs,BlogEngine.Core.Providers.DbMembershipProvider,193,4,0
C:\code\BlogEngineDotNet\BlogEngine.NET\BlogEngine\BlogEngine.Core\Data\Services\TagCloud.cs,BlogEngine.Core.Data.Services.TagCloud,59,4,0
C:\code\BlogEngineDotNet\BlogEngine.NET\BlogEngine\BlogEngine.NET\AppCode\Api\BlogRollController.cs,BlogRollController,20,4,0
C:\code\BlogEngineDotNet\BlogEngine.NET\BlogEngine\BlogEngine.NET\AppCode\Api\CommentsController.cs,CommentsController,32,4,0
C:\code\BlogEngineDotNet\BlogEngine.NET\BlogEngine\BlogEngine.NET\AppCode\Api\LookupsController.cs,LookupsController,10,4,0
C:\code\BlogEngineDotNet\BlogEngine.NET\BlogEngine\BlogEngine.NET\AppCode\Api\TrashController.cs,TrashController,9,4,0
C:\code\BlogEngineDotNet\BlogEngine.NET\BlogEngine\BlogEngine.NET\Custom\Extensions\ResolveLinks.cs,ResolveLinks,41,4,0
C:\code\BlogEngineDotNet\BlogEngine.NET\BlogEngine\BlogEngine.NET\error.aspx.cs,error_occurred,9,4,0
C:\code\BlogEngineDotNet\BlogEngine.NET\BlogEngine\BlogEngine.NET\error404.aspx.cs,error404,58,4,0
C:\code\BlogEngineDotNet\BlogEngine.NET\BlogEngine\BlogEngine.NET\Custom\Extensions\StopForumSpam.cs,App_Code.Extensions.StopForumSpam,18,4,0
C:\code\BlogEngineDotNet\BlogEngine.NET\BlogEngine\BlogEngine.NET\admin\menu.ascx.cs,Admin.Menu,30,4,0
C:\code\BlogEngineDotNet\BlogEngine.NET\BlogEngine\BlogEngine.NET\Account\password-retrieval.aspx.designer.cs,Account.PasswordRetrieval,55,4,0
C:\code\BlogEngineDotNet\BlogEngine.NET\BlogEngine\BlogEngine.Core\Services\FileSystem\File.cs,BlogEngine.Core.FileSystem.File,57,5,15
C:\code\BlogEngineDotNet\BlogEngine.NET\BlogEngine\BlogEngine.Core\Web\Extensions\ManagedExtension.cs,BlogEngine.Core.Web.Extensions.ManagedExtension,97,5,9
C:\code\BlogEngineDotNet\BlogEngine.NET\BlogEngine\BlogEngine.Core\Referrer.cs,BlogEngine.Core.Referrer,66,5,5
C:\code\BlogEngineDotNet\BlogEngine.NET\BlogEngine\BlogEngine.Core\Data\ViewModels\BlogRollVM.cs,BlogEngine.Core.Data.ViewModels.BlogRollVM,91,5,4
C:\code\BlogEngineDotNet\BlogEngine.NET\BlogEngine\BlogEngine.Core\Web\Extensions\DataStore\XMLDocumentBehavior.cs,BlogEngine.Core.DataStore.XmlDocumentBehavior,22,5,3
C:\code\BlogEngineDotNet\BlogEngine.NET\BlogEngine\BlogEngine.NET\AppCode\Controls\WidgetBase.cs,App_Code.Controls.WidgetBase,17,5,2
C:\code\BlogEngineDotNet\BlogEngine.NET\BlogEngine\BlogEngine.Core\Web\Extensions\DataStore\StringDictionaryBehavior.cs,BlogEngine.Core.DataStore.StringDictionaryBehavior,24,5,1
C:\code\BlogEngineDotNet\BlogEngine.NET\BlogEngine\BlogEngine.NET\AppCode\Controls\PostCalendar.cs,App_Code.Controls.PostCalendar,72,5,1
C:\code\BlogEngineDotNet\BlogEngine.NET\BlogEngine\BlogEngine.NET\AppCode\Controls\PostPager.cs,App_Code.Controls.PostPager,118,5,1
C:\code\BlogEngineDotNet\BlogEngine.NET\BlogEngine\BlogEngine.NET\Custom\Extensions\SimpleCaptcha\SimpleCaptchaControl.cs,App_Code.Controls.SimpleCaptchaControl,43,5,1
C:\code\BlogEngineDotNet\BlogEngine.NET\BlogEngine\BlogEngine.NET\Custom\Widgets\Common.cs,BlogEngine.NET.Custom.Widgets.Common,9,5,1
C:\code\BlogEngineDotNet\BlogEngine.NET\BlogEngine\BlogEngine.Core\Services\Security\SecuritySiteMapProvider.cs,BlogEngine.Core.SecuritySiteMapProvider,21,5,0
C:\code\BlogEngineDotNet\BlogEngine.NET\BlogEngine\BlogEngine.Core\Web\HttpHandlers\FileHandler.cs,BlogEngine.Core.Web.HttpHandlers.FileHandler,28,5,0
C:\code\BlogEngineDotNet\BlogEngine.NET\BlogEngine\BlogEngine.Core\Web\HttpHandlers\ImageHandler.cs,BlogEngine.Core.Web.HttpHandlers.ImageHandler,30,5,0
C:\code\BlogEngineDotNet\BlogEngine.NET\BlogEngine\BlogEngine.Core\Web\HttpHandlers\SiteMap.cs,BlogEngine.Core.Web.HttpHandlers.SiteMap,36,5,0
C:\code\BlogEngineDotNet\BlogEngine.NET\BlogEngine\BlogEngine.NET\AppCode\Api\CustomFieldsController.cs,CustomFieldsController,22,5,0
C:\code\BlogEngineDotNet\BlogEngine.NET\BlogEngine\BlogEngine.NET\AppCode\Api\LogsController.cs,LogsController,36,5,0
C:\code\BlogEngineDotNet\BlogEngine.NET\BlogEngine\BlogEngine.NET\Custom\Extensions\SendNewsletters.cs,SendNewsletters,5,5,0
C:\code\BlogEngineDotNet\BlogEngine.NET\BlogEngine\BlogEngine.NET\Custom\Extensions\Smilies.cs,Smilies,23,5,0
C:\code\BlogEngineDotNet\BlogEngine.NET\BlogEngine\BlogEngine.NET\Account\login.aspx.designer.cs,Account.Login,18,5,0
C:\code\BlogEngineDotNet\BlogEngine.NET\BlogEngine\BlogEngine.Core\Comment.cs,BlogEngine.Core.Comment,67,6,32
C:\code\BlogEngineDotNet\BlogEngine.NET\BlogEngine\BlogEngine.Core\Services\FileSystem\Image.cs,BlogEngine.Core.FileSystem.Image,118,6,6
C:\code\BlogEngineDotNet\BlogEngine.NET\BlogEngine\BlogEngine.Core\Services\Messaging\Ping\Manager.cs,BlogEngine.Core.Ping.Manager,27,6,1
C:\code\BlogEngineDotNet\BlogEngine.NET\BlogEngine\BlogEngine.Core\Providers\FileSystemProviders\DbFileSystemProvider.cs,BlogEngine.Core.Providers.DbFileSystemExtensions,7,6,1
C:\code\BlogEngineDotNet\BlogEngine.NET\BlogEngine\BlogEngine.NET\AppCode\Controls\WidgetContainer.cs,App_Code.Controls.WidgetContainer,34,6,1
C:\code\BlogEngineDotNet\BlogEngine.NET\BlogEngine\BlogEngine.Core\Web\HttpModules\ReferrerModule.cs,BlogEngine.Core.Web.HttpModules.ReferrerModule,40,6,0
C:\code\BlogEngineDotNet\BlogEngine.NET\BlogEngine\BlogEngine.Core\Web\HttpHandlers\TrackbackHandler.cs,BlogEngine.Core.Web.HttpHandlers.TrackbackHandler,52,6,0
C:\code\BlogEngineDotNet\BlogEngine.NET\BlogEngine\BlogEngine.Core\Providers\DbProvider\DbRoleProvider.cs,BlogEngine.Core.Providers.DbRoleProvider,162,6,0
C:\code\BlogEngineDotNet\BlogEngine.NET\BlogEngine\BlogEngine.Core\Providers\XmlProvider\XmlRoleProvider.cs,BlogEngine.Core.Providers.XmlRoleProvider,178,6,0
C:\code\BlogEngineDotNet\BlogEngine.NET\BlogEngine\BlogEngine.NET\Custom\Extensions\BreakPost.cs,BreakPost,40,6,0
C:\code\BlogEngineDotNet\BlogEngine.NET\BlogEngine\BlogEngine.NET\Custom\Extensions\Recaptcha\Recaptcha.cs,Recaptcha.Recaptcha,42,6,0
C:\code\BlogEngineDotNet\BlogEngine.NET\BlogEngine\BlogEngine.NET\Custom\Extensions\SimpleCaptcha\SimpleCaptcha.cs,App_Code.Controls.SimpleCaptcha,22,6,0
C:\code\BlogEngineDotNet\BlogEngine.NET\BlogEngine\BlogEngine.NET\Custom\Widgets\MonthList\MonthList.cs,BlogEngine.NET.Custom.Widgets.MonthList,26,6,0
C:\code\BlogEngineDotNet\BlogEngine.NET\BlogEngine\BlogEngine.Core\Helpers\BlogGenerator.cs,BlogEngine.Core.BlogGenerator,107,7,4
C:\code\BlogEngineDotNet\BlogEngine.NET\BlogEngine\BlogEngine.Core\Web\Controls\RelatedPostsBase.cs,BlogEngine.Core.Web.Controls.RelatedPostsBase,36,7,1
C:\code\BlogEngineDotNet\BlogEngine.NET\BlogEngine\BlogEngine.Core\API\MetaWeblog\XMLRPCResponse.cs,BlogEngine.Core.API.MetaWeblog.XMLRPCResponse,571,7,1
C:\code\BlogEngineDotNet\BlogEngine.NET\BlogEngine\BlogEngine.NET\admin\Extensions\Settings.ascx.cs,Admin.Extensions.UserControlSettings,269,7,1
C:\code\BlogEngineDotNet\BlogEngine.NET\BlogEngine\BlogEngine.Core\Web\HttpModules\UrlRewrite.cs,BlogEngine.Core.Web.HttpModules.UrlRewrite,90,7,0
C:\code\BlogEngineDotNet\BlogEngine.NET\BlogEngine\BlogEngine.Core\Web\HttpHandlers\PingbackHandler.cs,BlogEngine.Core.Web.HttpHandlers.PingbackHandler,103,7,0
C:\code\BlogEngineDotNet\BlogEngine.NET\BlogEngine\BlogEngine.Core\Providers\FileSystemProviders\UNCFileSystemProvider.cs,BlogEngine.Core.Providers.UNCFileSystemProvider,116,7,0
C:\code\BlogEngineDotNet\BlogEngine.NET\BlogEngine\BlogEngine.Core\Providers\FileSystemProviders\XmlFileSystemProvider.cs,BlogEngine.Core.Providers.XmlFileSystemProvider,98,7,0
C:\code\BlogEngineDotNet\BlogEngine.NET\BlogEngine\BlogEngine.NET\AppCode\Api\FileManagerController.cs,FileManagerController,23,7,0
C:\code\BlogEngineDotNet\BlogEngine.NET\BlogEngine\BlogEngine.NET\contact.aspx.cs,contact,95,7,0
C:\code\BlogEngineDotNet\BlogEngine.NET\BlogEngine\BlogEngine.NET\Custom\Extensions\Logger.cs,App_Code.Extensions.Logger,30,7,0
C:\code\BlogEngineDotNet\BlogEngine.NET\BlogEngine\BlogEngine.NET\admin\Extensions\Settings.aspx.cs,Admin.Extensions.Settings,29,7,0
C:\code\BlogEngineDotNet\BlogEngine.NET\BlogEngine\BlogEngine.NET\Account\create-blog.aspx.designer.cs,Account.CreateBlog,34,7,0
C:\code\BlogEngineDotNet\BlogEngine.NET\BlogEngine\BlogEngine.NET\Account\register.aspx.designer.cs,Account.Register,33,7,0
C:\code\BlogEngineDotNet\BlogEngine.NET\BlogEngine\BlogEngine.Core\Blog.cs,BlogEngine.Core.Blog,279,8,80
C:\code\BlogEngineDotNet\BlogEngine.NET\BlogEngine\BlogEngine.Core\Category.cs,BlogEngine.Core.Category,82,8,27
C:\code\BlogEngineDotNet\BlogEngine.NET\BlogEngine\BlogEngine.Core\Web\Extensions\ExtensionManager.cs,BlogEngine.Core.Web.Extensions.ExtensionManager,139,8,25
C:\code\BlogEngineDotNet\BlogEngine.NET\BlogEngine\BlogEngine.Core\Services\Security\Right.cs,BlogEngine.Core.Right,215,8,9
C:\code\BlogEngineDotNet\BlogEngine.NET\BlogEngine\BlogEngine.Core\Data\Services\CustomFieldsParser.cs,BlogEngine.Core.Data.Services.CustomFieldsParser,100,8,5
C:\code\BlogEngineDotNet\BlogEngine.NET\BlogEngine\BlogEngine.Core\Web\UrlRules.cs,BlogEngine.Core.Web.UrlRules,140,8,1
C:\code\BlogEngineDotNet\BlogEngine.NET\BlogEngine\BlogEngine.Core\Data\CommentFilterRepository.cs,BlogEngine.Core.Data.CommentFilterRepository,87,8,1
C:\code\BlogEngineDotNet\BlogEngine.NET\BlogEngine\BlogEngine.Core\Data\SettingsRepository.cs,BlogEngine.Core.Data.SettingsRepository,177,8,1
C:\code\BlogEngineDotNet\BlogEngine.NET\BlogEngine\BlogEngine.Core\Services\FileSystem\FileSystemUtilities.cs,BlogEngine.Core.FileSystem.FileSystemUtilities,75,8,0
C:\code\BlogEngineDotNet\BlogEngine.NET\BlogEngine\BlogEngine.Core\Web\HttpHandlers\Apml.cs,BlogEngine.Core.Web.HttpHandlers.Apml,112,8,0
C:\code\BlogEngineDotNet\BlogEngine.NET\BlogEngine\BlogEngine.NET\AppCode\Api\SettingsController.cs,SettingsController,31,8,0
C:\code\BlogEngineDotNet\BlogEngine.NET\BlogEngine\BlogEngine.NET\Custom\Extensions\BBCode.cs,BBCode,45,8,0
C:\code\BlogEngineDotNet\BlogEngine.NET\BlogEngine\BlogEngine.Core\BlogSettings.cs,BlogEngine.Core.BlogSettings,314,9,65
C:\code\BlogEngineDotNet\BlogEngine.NET\BlogEngine\BlogEngine.Core\Services\Packaging\Gallery.cs,BlogEngine.Core.Packaging.Gallery,55,9,4
C:\code\BlogEngineDotNet\BlogEngine.NET\BlogEngine\BlogEngine.Core\Web\Scripting\WebResourceFilter.cs,BlogEngine.Core.Web.Scripting.WebResourceFilter,72,9,1
C:\code\BlogEngineDotNet\BlogEngine.NET\BlogEngine\BlogEngine.Core\Services\Syndication\BlogML\BlogReader.cs,BlogEngine.Core.API.BlogML.BlogReader,165,9,1
C:\code\BlogEngineDotNet\BlogEngine.NET\BlogEngine\BlogEngine.Core\Data\CustomFieldRepository.cs,BlogEngine.Core.Data.CustomFieldRepository,52,9,1
C:\code\BlogEngineDotNet\BlogEngine.NET\BlogEngine\BlogEngine.Core\Data\BlogRepository.cs,BlogEngine.Core.Data.BlogRepository,58,9,1
C:\code\BlogEngineDotNet\BlogEngine.NET\BlogEngine\BlogEngine.Core\Data\StatsRepository.cs,BlogEngine.Core.Data.StatsRepository,46,9,1
C:\code\BlogEngineDotNet\BlogEngine.NET\BlogEngine\BlogEngine.Core\Data\TagRepository.cs,BlogEngine.Core.Data.TagRepository,59,9,1
C:\code\BlogEngineDotNet\BlogEngine.NET\BlogEngine\BlogEngine.Core\Web\HttpHandlers\BlogMLExportHandler.cs,BlogEngine.Core.Web.HttpHandlers.BlogMLExportHandler,233,9,0
C:\code\BlogEngineDotNet\BlogEngine.NET\BlogEngine\BlogEngine.Core\Web\HttpHandlers\Foaf.cs,BlogEngine.Core.Web.HttpHandlers.Foaf,115,9,0
C:\code\BlogEngineDotNet\BlogEngine.NET\BlogEngine\BlogEngine.NET\AppCode\Api\PackagesController.cs,PackagesController,73,9,0
C:\code\BlogEngineDotNet\BlogEngine.NET\BlogEngine\BlogEngine.NET\search.aspx.cs,search,109,9,0
C:\code\BlogEngineDotNet\BlogEngine.NET\BlogEngine\BlogEngine.NET\AppCode\Controls\WidgetZone.cs,App_Code.Controls.WidgetZone,33,9,0
C:\code\BlogEngineDotNet\BlogEngine.NET\BlogEngine\BlogEngine.Core\Services\Messaging\Protection\CommentHandlers.cs,BlogEngine.Core.CommentHandlers,236,10,1
C:\code\BlogEngineDotNet\BlogEngine.NET\BlogEngine\BlogEngine.Core\Web\HttpHandlers\ResourceHandler.cs,BlogEngine.Core.Web.HttpHandlers.ResourceHandler,67,10,1
C:\code\BlogEngineDotNet\BlogEngine.NET\BlogEngine\BlogEngine.Core\Web\Controls\CommentViewBase.cs,BlogEngine.Core.Web.Controls.CommentViewBase,45,10,1
C:\code\BlogEngineDotNet\BlogEngine.NET\BlogEngine\BlogEngine.Core\Services\Syndication\BlogML\BlogImporter.cs,BlogEngine.Core.API.BlogML.BlogImporter,37,10,1
C:\code\BlogEngineDotNet\BlogEngine.NET\BlogEngine\BlogEngine.NET\AppCode\Controls\RelatedPosts.cs,App_Code.Controls.RelatedPosts,60,10,1
C:\code\BlogEngineDotNet\BlogEngine.NET\BlogEngine\BlogEngine.Core\Data\CustomFilterRepository.cs,BlogEngine.Core.Data.CustomFilterRepository,31,10,0
C:\code\BlogEngineDotNet\BlogEngine.NET\BlogEngine\BlogEngine.NET\Custom\Extensions\SendCommentMail.cs,SendCommentMail,55,10,0
C:\code\BlogEngineDotNet\BlogEngine.NET\BlogEngine\BlogEngine.Core\Helpers\Utils.cs,BlogEngine.Core.Utils,476,11,119
C:\code\BlogEngineDotNet\BlogEngine.NET\BlogEngine\BlogEngine.Core\AuthorProfile.cs,BlogEngine.Core.AuthorProfile,111,11,12
C:\code\BlogEngineDotNet\BlogEngine.NET\BlogEngine\BlogEngine.Core\Services\Packaging\FileSystem.cs,BlogEngine.Core.Packaging.FileSystem,261,11,4
C:\code\BlogEngineDotNet\BlogEngine.NET\BlogEngine\BlogEngine.Core\Data\CategoryRepository.cs,BlogEngine.Core.Data.CategoryRepository,123,11,2
C:\code\BlogEngineDotNet\BlogEngine.NET\BlogEngine\BlogEngine.Core\Services\Packaging\Installer.cs,BlogEngine.Core.Packaging.Installer,33,11,1
C:\code\BlogEngineDotNet\BlogEngine.NET\BlogEngine\BlogEngine.Core\Data\PageRepository.cs,BlogEngine.Core.Data.PageRepository,88,11,1
C:\code\BlogEngineDotNet\BlogEngine.NET\BlogEngine\BlogEngine.Core\Data\RolesRepository.cs,BlogEngine.Core.Data.RolesRepository,117,11,1
C:\code\BlogEngineDotNet\BlogEngine.NET\BlogEngine\BlogEngine.Core\Web\HttpHandlers\Sioc.cs,BlogEngine.Core.Web.HttpHandlers.Sioc,230,11,0
C:\code\BlogEngineDotNet\BlogEngine.NET\BlogEngine\BlogEngine.Core\Providers\FileSystemProviders\DbFileSystemProvider.cs,BlogEngine.Core.Providers.DbFileSystemProvider,168,11,0
C:\code\BlogEngineDotNet\BlogEngine.NET\BlogEngine\BlogEngine.NET\archive.aspx.cs,archive,137,11,0
C:\code\BlogEngineDotNet\BlogEngine.NET\BlogEngine\BlogEngine.NET\page.aspx.cs,page,64,11,0
C:\code\BlogEngineDotNet\BlogEngine.NET\BlogEngine\BlogEngine.Core\Services\Security\Security.cs,BlogEngine.Core.Security,117,12,61
C:\code\BlogEngineDotNet\BlogEngine.NET\BlogEngine\BlogEngine.Core\Providers\BlogProvider.cs,BlogEngine.Core.Providers.BlogProvider,0,12,8
C:\code\BlogEngineDotNet\BlogEngine.NET\BlogEngine\BlogEngine.Core\Data\ViewModels\WidgetsVM.cs,BlogEngine.Core.Data.ViewModels.WidgetsVM,73,12,3
C:\code\BlogEngineDotNet\BlogEngine.NET\BlogEngine\BlogEngine.Core\Services\Syndication\SyndicationGenerator.cs,BlogEngine.Core.SyndicationGenerator,293,12,1
C:\code\BlogEngineDotNet\BlogEngine.NET\BlogEngine\BlogEngine.Core\Data\FileManagerRepository.cs,BlogEngine.Core.Data.FileManagerRepository,27,12,1
C:\code\BlogEngineDotNet\BlogEngine.NET\BlogEngine\BlogEngine.Core\Data\TrashRepository.cs,BlogEngine.Core.Data.TrashRepository,145,12,1
C:\code\BlogEngineDotNet\BlogEngine.NET\BlogEngine\BlogEngine.NET\Custom\Extensions\SendPings.cs,SendPings,21,12,0
C:\code\BlogEngineDotNet\BlogEngine.NET\BlogEngine\BlogEngine.NET\Custom\Extensions\AkismetFilter.cs,App_Code.Extensions.AkismetFilter,67,12,0
C:\code\BlogEngineDotNet\BlogEngine.NET\BlogEngine\BlogEngine.NET\AppCode\Controls\MonthList.cs,App_Code.Controls.MonthList,90,12,0
C:\code\BlogEngineDotNet\BlogEngine.NET\BlogEngine\BlogEngine.Core\Web\Controls\BlogBasePage.cs,BlogEngine.Core.Web.Controls.BlogBasePage,76,13,10
C:\code\BlogEngineDotNet\BlogEngine.NET\BlogEngine\BlogEngine.Core\Services\Search\Search.cs,BlogEngine.Core.Search,192,13,7
C:\code\BlogEngineDotNet\BlogEngine.NET\BlogEngine\BlogEngine.NET\Custom\Extensions\Recaptcha\RecaptchaControl.cs,App_Code.Controls.RecaptchaControl,117,13,4
C:\code\BlogEngineDotNet\BlogEngine.NET\BlogEngine\BlogEngine.Core\Data\ViewModels\DashboardVM.cs,BlogEngine.Core.Data.ViewModels.DashboardVM,128,13,3
C:\code\BlogEngineDotNet\BlogEngine.NET\BlogEngine\BlogEngine.NET\Custom\Controls\PostList.ascx.cs,UserControls.PostList,73,13,1
C:\code\BlogEngineDotNet\BlogEngine.NET\BlogEngine\BlogEngine.NET\Custom\Extensions\MediaElementPlayer.cs,MediaElementPlayer,92,13,0
C:\code\BlogEngineDotNet\BlogEngine.NET\BlogEngine\BlogEngine.NET\default.aspx.cs,_default,154,13,0
C:\code\BlogEngineDotNet\BlogEngine.NET\BlogEngine\BlogEngine.Core\Data\WidgetsRepository.cs,BlogEngine.Core.Data.WidgetsRepository,38,14,1
C:\code\BlogEngineDotNet\BlogEngine.NET\BlogEngine\BlogEngine.Core\Data\CommentsRepository.cs,BlogEngine.Core.Data.CommentsRepository,140,14,1
C:\code\BlogEngineDotNet\BlogEngine.NET\BlogEngine\BlogEngine.Core\Data\LookupsRepository.cs,BlogEngine.Core.Data.LookupsRepository,97,14,1
C:\code\BlogEngineDotNet\BlogEngine.NET\BlogEngine\BlogEngine.Core\Data\PostRepository.cs,BlogEngine.Core.Data.PostRepository,118,15,1
C:\code\BlogEngineDotNet\BlogEngine.NET\BlogEngine\BlogEngine.Core\Data\UsersRepository.cs,BlogEngine.Core.Data.UsersRepository,174,15,1
C:\code\BlogEngineDotNet\BlogEngine.NET\BlogEngine\BlogEngine.Core\Web\HttpHandlers\SyndicationHandler.cs,BlogEngine.Core.Web.HttpHandlers.SyndicationHandler,122,15,0
C:\code\BlogEngineDotNet\BlogEngine.NET\BlogEngine\BlogEngine.NET\AppCode\Api\UploadController.cs,UploadController,76,15,0
C:\code\BlogEngineDotNet\BlogEngine.NET\BlogEngine\BlogEngine.Core\Page.cs,BlogEngine.Core.Page,124,16,23
C:\code\BlogEngineDotNet\BlogEngine.NET\BlogEngine\BlogEngine.Core\Web\Controls\PostViewBase.cs,BlogEngine.Core.Web.Controls.PostViewBase,84,16,2
C:\code\BlogEngineDotNet\BlogEngine.NET\BlogEngine\BlogEngine.Core\Data\Services\Json.cs,BlogEngine.Core.Data.Services.Json,93,17,4
C:\code\BlogEngineDotNet\BlogEngine.NET\BlogEngine\BlogEngine.Core\Data\PackageRepository.cs,BlogEngine.Core.Data.PackageRepository,98,17,2
C:\code\BlogEngineDotNet\BlogEngine.NET\BlogEngine\BlogEngine.Core\Post.cs,BlogEngine.Core.Post,461,18,49
C:\code\BlogEngineDotNet\BlogEngine.NET\BlogEngine\BlogEngine.NET\Custom\Controls\CommentList.ascx.cs,UserControls.CommentList,342,18,1
C:\code\BlogEngineDotNet\BlogEngine.NET\BlogEngine\BlogEngine.NET\post.aspx.cs,post,105,19,0
C:\code\BlogEngineDotNet\BlogEngine.NET\BlogEngine\BlogEngine.Core\Providers\BlogService.cs,BlogEngine.Core.Providers.BlogService,108,20,34
C:\code\BlogEngineDotNet\BlogEngine.NET\BlogEngine\BlogEngine.Core\Providers\DbProvider\DbBlogProvider.cs,BlogEngine.Core.Providers.DbBlogProvider,1221,22,0
C:\code\BlogEngineDotNet\BlogEngine.NET\BlogEngine\BlogEngine.Core\API\MetaWeblog\MetaWeblogHandler.cs,BlogEngine.Core.API.MetaWeblog.MetaWeblogHandler,301,23,0
C:\code\BlogEngineDotNet\BlogEngine.NET\BlogEngine\BlogEngine.Core\Providers\XmlProvider\Posts.cs,BlogEngine.Core.Providers.XmlBlogProvider,889,24,0
C:\code\BlogEngineDotNet\BlogEngine.NET\BlogEngine\BlogEngine.NET\AppCode\App_Start\BlogEngineConfig.cs,BlogEngine.NET.App_Start.BlogEngineConfig,67,41,0
